Bratz: Rhythm & Style,Error,N/A
Mortal Kombat 1,Error,N/A
A Game About Digging A Hole,Error,N/A
Death Howl,Error,N/A
Dome Keeper,Error,N/A
Routine,Error,N/A
Lost Records: Bloom & Rage,Error,N/A
Marvel Cosmic Invasion,Error,N/A
Banishers: Ghosts of New Eden,Error,N/A
Kill It With Fire! 2,Error,N/A
Young Suns,Error,N/A
Clover Pit,Error,N/A
Monsters are Coming! Rock & Road,Error,N/A
The Crew Motorfest,Error,N/A
Total Chaos,Error,N/A
Moonlighter 2: The Endless Vault (Game Preview),Error,N/A
Call of Duty: Black Ops 7,Error,N/A
Relic Hunters Legend,Error,N/A
Winter Burrow,Error,N/A
Great God Grove,Error,N/A
Lara Croft and the Temple of Osiris,Error,N/A
Pigeon Simulator,Error,N/A
Voidtrain,Error,N/A
Egging On,Error,N/A
Whiskerwood,Error,N/A
Dead Static Drive,Error,N/A
Pacific Drive,Error,N/A
1000xResist,Error,N/A
Football Manager 26,Error,N/A
The Outer Worlds 2,Error,N/A
Halls of Torment,Error,N/A
Super Fantasy Kingdom (Game Preview),Error,N/A
PowerWash Simulator 2,Error,N/A
Bounty Star: The Morose Tale of Graveyard Clem,Error,N/A
Evil West,Error,N/A
Ninja Gaiden 4,Error,N/A
Keeper,Error,N/A
BattleTech: The Crescent Hawk's Inception,Error,N/A
BattleTech: The Crescent Hawk's Revenge,Error,N/A
Ice Hockey,Error,N/A
Moonsweeper,Error,N/A
Pax Dei,Error,N/A
Ball x Pit,Error,N/A
The Grinch: Christmas Adventures,Error,N/A
The Casting of Frank Stone,Error,N/A
Heroes of Might and Magic II: Gold Edition,Error,N/A
Heroes of Might and Magic III: Complete Edition,Error,N/A
Baldur's Gate and Baldur's Gate II: Enhanced Editions,Error,N/A
Little Rocket Lab,Error,N/A
Supermarket Simulator,Error,N/A
Sopa: Tale of the Stolen Potato,Error,N/A
Hogwarts Legacy,Error,N/A
Assassin's Creed II,Error,N/A
Assassin's Creed III: Remastered,Error,N/A
Assassin's Creed IV Black Flag,Error,N/A
Assassin's Creed IV Black Flag: Freedom Cry,Error,N/A
Assassin's Creed Brotherhood,Error,N/A
Assassin's Creed Chronicles: China,Error,N/A
Assassin's Creed Chronicles: India,Error,N/A
Assassin's Creed Chronicles: Russia,Error,N/A
Assassin's Creed Liberation HD,Error,N/A
Assassin's Creed Revelations,Error,N/A
Assassin's Creed Rogue: Remastered,Error,N/A
Assassin's Creed Syndicate,Error,N/A
Assassin's Creed: The Ezio Collection,Error,N/A
Assassin's Creed Unity,Error,N/A
Child of Light,Error,N/A
Far Cry 3,Error,N/A
Far Cry 3: Blood Dragon,Error,N/A
Far Cry Primal,Error,N/A
Hungry Shark World,Error,N/A
Monopoly Madness,Error,N/A
Monopoly (2024),Error,N/A
OddBallers,Error,N/A
Prince of Persia: The Lost Crown,Error,N/A
Rabbids Invasion: The Interactive TV Show,Error,N/A
Rabbids: Party of Legends,Error,N/A
Rayman Legends,Error,N/A
Risk: Urban Assault,Error,N/A
Scott Pilgrim vs. The World: The Game,Error,N/A
Skull and Bones,Error,N/A
South Park: The Stick of Truth,Error,N/A
Starlink: Battle for Atlas,Error,N/A
Steep,Error,N/A
The Crew 2,Error,N/A
The Settlers: New Allies,Error,N/A
Tom Clancy's Ghost Recon Breakpoint,Error,N/A
Tom Clancy's Rainbow Six: Extraction,Error,N/A
Tom Clancy's The Division,Error,N/A
Trackmania Turbo,Error,N/A
Transference,Error,N/A
Trials Fusion,Error,N/A
Trials of the Blood Dragon,Error,N/A
Trials Rising,Error,N/A
Uno,Error,N/A
Valiant Hearts: The Great War,Error,N/A
Watch_Dogs,Error,N/A
Wheel of Fortune,Error,N/A
Zombi,Error,N/A
Lara Croft and the Guardian of Light,Error,N/A
Peppa Pig: World Adventures,Error,N/A
Visions of Mana,Error,N/A
SWORN,Error,N/A
ENDLESS Legend 2 (Game Preview),Error,N/A
Hades,Error,N/A
Frostpunk 2,Error,N/A
Wobbly Life,Error,N/A
Deep Rock Galactic: Survivor,Error,N/A
RoadCraft,Error,N/A
Hollow Knight: Silksong,Error,N/A
Cataclismo,Error,N/A
I Am Your Beast,Error,N/A
Dragon Age: The Veilguard,Error,N/A
Gears of War: Reloaded,Error,N/A
Herdling,Error,N/A
The Rogue Prince of Persia,Error,N/A
Persona 4: Golden,Error,N/A
Blacksmith Master,Error,N/A
VOID/BREAKER,Error,N/A
9 Kings (Game Preview),Error,N/A
Caesar III,Error,N/A
Climber 5,Error,N/A
The Colonel's Bequest,Error,N/A
Private Eye,Error,N/A
Oystron,Error,N/A
Shootin' Gallery,Error,N/A
Wing War,Error,N/A
Aliens: Fireteam Elite,Error,N/A
Assassin's Creed Mirage,Error,N/A
Heretic + Hexen,Error,N/A
Rain World,Error,N/A
Farming Simulator 25,Error,N/A
Grounded 2 (Game Preview),Error,N/A
WUCHANG: Fallen Feathers,Error,N/A
Wheel World,Error,N/A
Abiotic Factor,Error,N/A
Descenders Next (Game Preview),Error,N/A
Caesar,Error,N/A
Conquests of Camelot: The Search for the Grail,Error,N/A
Gabriel Knight: Sins of the Fathers,Error,N/A
Hard Head,Error,N/A
Okie Dokie,Error,N/A
Skate Boardin',Error,N/A
Skeleton+,Error,N/A
He Is Coming (Game Preview),Error,N/A
RoboCop: Rogue City,Error,N/A
My Friendly Neighborhood,Error,N/A
High on Life,Error,N/A
Tony Hawk's Pro Skater 3 + 4,Error,N/A
Minami Lane,Error,N/A
The Ascent,Error,N/A
Ultimate Chicken Horse,Error,N/A
Cosmic Commuter,Error,N/A
Heart of China,Error,N/A
Skiing,Error,N/A
Solar Storm,Error,N/A
Subterranea,Error,N/A
Little Nightmares II,Error,N/A
Rise of the Tomb Raider,Error,N/A
Call of Duty: WWII,Error,N/A
Warcraft I: Remastered,Error,N/A
Warcraft II: Remastered,Error,N/A
Warcraft III: Reforged,Error,N/A
Volcano Princess,Error,N/A
Rematch,Error,N/A
FBC: Firebreak,Error,N/A
Crash Bandicoot 4: It's About Time,Error,N/A
Lost in Random: The Eternal Die,Error,N/A
The Alters,Error,N/A
EA Sports FC 25,Error,N/A
"Warhammer 40,000: Space Marine - Master Crafted Edition",Error,N/A
Baldur's Gate: Enhanced Edition,Error,N/A
Baldur's Gate II: Enhanced Edition,Error,N/A
Symphonia (2024),Error,N/A
Crypt Custodian,Error,N/A
Spray Paint Simulator,Error,N/A
Metaphor: ReFantazio,Error,N/A
To a T,Error,N/A
Tom Clancy's The Division 2,Error,N/A
Tales of Kenzera: ZAU,Error,N/A
Activision Prototype #1,Error,N/A
Atlantis,Error,N/A
Atlantis II,Error,N/A
Barnstorming,Error,N/A
Baseball,Error,N/A
Beamrider,Error,N/A
Bloody Human Freeway,Error,N/A
Boxing,Error,N/A
Bridge,Error,N/A
Caesar II,Error,N/A
Checkers,Error,N/A
Chopper Command,Error,N/A
Commando,Error,N/A
Conquests of the Longbow: The Legend of Robin Hood,Error,N/A
Cosmic Ark,Error,N/A
Crackpots,Error,N/A
Decathlon,Error,N/A
Demon Attack,Error,N/A
Dolphin,Error,N/A
Dragster,Error,N/A
Enduro,Error,N/A
Fathom,Error,N/A
Fire Fighter,Error,N/A
Fishing Derby,Error,N/A
Freddy Pharkas: Frontier Pharmacist,Error,N/A
Freeway,Error,N/A
Frostbite,Error,N/A
Grand Prix,Error,N/A
H.E.R.O.,Error,N/A
Kaboom!,Error,N/A
Laser Blast,Error,N/A
MechWarrior,Error,N/A
MechWarrior 2: 31st Century Combat,Error,N/A
Megamania,Error,N/A
Pitfall II: Lost Caverns,Error,N/A
Pitfall!,Error,N/A
Police Quest,Error,N/A
Pressure Cooker,Error,N/A
Quest for Glory: So You Want to Be a Hero,Error,N/A
Riddle of the Sphinx,Error,N/A
River Raid,Error,N/A
River Raid II,Error,N/A
Robot Tank,Error,N/A
Sky Jinks,Error,N/A
Space Quest 2,Error,N/A
Space Quest 6,Error,N/A
Space Treat Deluxe,Error,N/A
Spider Fighter,Error,N/A
Star Voyager,Error,N/A
Tennis,Error,N/A
The Adventures of Willy Beamish,Error,N/A
The Dagger of Amon Ra,Error,N/A
Thwocker,Error,N/A
Title Match Pro Wrestling,Error,N/A
Torin's Passage,Error,N/A
Trick Shot,Error,N/A
Vault Assault,Error,N/A
Venetian Blinds,Error,N/A
Zork I: The Great Underground ,Error,N/A
Zork Zero: The Revenge of Megaboz,Error,N/A
Monster Train 2,Error,N/A
DOOM: The Dark Ages,Error,N/A
Firefighting Simulator: The Squad,Error,N/A
Police Simulator: Patrol Officers,Error,N/A
Kulebra and the Souls of Limbo,Error,N/A
Warhammer: Vermintide 2,Error,N/A
Revenge of the Savage Planet,Error,N/A
Dragon Ball Xenoverse 2,Error,N/A
DREDGE,Error,N/A
Anno 1800,Error,N/A
Call of Duty: Modern Warfare II,Error,N/A
Far Cry 4,Error,N/A
Towerborne (Game Preview),Error,N/A
Clair Obscur: Expedition 33,Error,N/A
The Elder Scrolls IV: Oblivion - Remastered,Error,N/A
Crime Scene Cleaner,Error,N/A
Tempopo,Error,N/A
SpongeBob SquarePants: The Patrick Star Game,Error,N/A
Grand Theft Auto V,Error,N/A
Blue Prince,Error,N/A
NHL 25,Error,N/A
Commandos: Origins,Error,N/A
Diablo III: Reaper of Souls - Ultimate Evil Edition,Error,N/A
South of Midnight,Error,N/A
Atomfall,Error,N/A
EA Sports College Football 25,Error,N/A
Blizzard Arcade Collection,Error,N/A
Mythwrecked: Ambrosia Island,Error,N/A
33 Immortals (Game Preview),Error,N/A
Mullet Madjack,Error,N/A
Enter the Gungeon,Error,N/A
One Lonely Outpost,Error,N/A
Monster Train,Error,N/A
Watch Dogs: Legion,Error,N/A
Balatro,Error,N/A
F1 24,Error,N/A
"Warhammer 40,000: Rogue Trader",Error,N/A
Avowed,Error,N/A
Kingdom: Two Crowns,Error,N/A
Madden NFL 25 (2024),Error,N/A
Far Cry: New Dawn,Error,N/A
Citizen Sleeper 2: Starward Vector,Error,N/A
Sniper Elite: Resistance,Error,N/A
Shady Part of Me,Error,N/A
Eternal Strands,Error,N/A
Orcs Must Die! Deathtrap,Error,N/A
Ninja Gaiden II: Black,Error,N/A
Lonely Mountain: Snow Riders,Error,N/A
Diablo,Error,N/A
EA Sports UFC 5,Error,N/A
Road 96,Error,N/A
For The King II,Error,N/A
Hunt: Showdown 1896,Error,N/A
Indiana Jones and the Great Circle,Error,N/A
EA Sports WRC,Error,N/A
Overthrown (Game Preview),Error,N/A
Crash Team Racing: Nitro-Fueled,Error,N/A
Aliens: Dark Descent,Error,N/A
Nine Sols,Error,N/A
S.T.A.L.K.E.R. 2: Heart of Chornobyl,Error,N/A
Microsoft Flight Simulator 2024,Error,N/A
Spyro Reignited Trilogy,Error,N/A
Goat Simulator: Remastered,Error,N/A
Starcraft: Remastered,Error,N/A
Starcraft II: Campaign Collection,Error,N/A
Call of Duty: Black Ops 6,Error,N/A
Ashen,Error,N/A
Call of Duty: Warzone,Error,N/A
Donut County,Error,N/A
Mechwarrior 5: Clans,Error,N/A
South Park: The Fractured but Whole,Error,N/A
Inscryption,Error,N/A
Mad Streets,Error,N/A
SIFU,Error,N/A
Legend of Mana (2021),Error,N/A
Trials of Mana (2020),Error,N/A
Ara: History Untold,Error,N/A
Frostpunk 2,Error,N/A
Overwatch 2,Error,N/A
Train Sim World 5,Error,N/A
Riders Republic,Error,N/A
Expeditions: A MudRunner Game,Error,N/A
Age of Mythology: Retold,Error,N/A
Star Trucker,Error,N/A
DOOM + DOOM II: Enhanced,Error,N/A
Atlas Fallen: Reign of Sand,Error,N/A
Crash Bandicoot N. Sane Trilogy,Error,N/A
Creatures of Ava,Error,N/A
Call of Duty: Modern Warfare III,Error,N/A
Dungeons Of Hinterberg,Error,N/A
Flintlock: The Siege of Dawn,Error,N/A
Neon White,Error,N/A
Cricket 24,Error,N/A
Nickelodeon All-Star Brawl 2,Error,N/A
EA Sports FC 24,Error,N/A
Moving Out 2,Error,N/A
Galacticare,Error,N/A
Senua's Saga: Hellblade II,Error,N/A
Immortals of Aveum,Error,N/A
"Little Kitty, Big City",Error,N/A
Kona II: Brume,Error,N/A
Tomb Raider: Definitive Edition,Error,N/A
Have A Nice Death,Error,N/A
The Rewinder,Error,N/A
Manor Lords (Game Preview),Error,N/A
Another Crab's Treasure,Error,N/A
Star Wars Jedi: Survivor,Error,N/A
Eiyuden Chronicle: Hundred Heroes,Error,N/A
NHL 24,Error,N/A
Populous: The Beginning,Error,N/A
Sid Meier's Alpha Centauri,Error,N/A
SimCity 3000: Unlimited,Error,N/A
Shadow of the Tomb Raider: Definitive Edition,Error,N/A
EA Sports PGA Tour,Error,N/A
Superhot: Mind Control Delete,Error,N/A
Ark: Survival Ascended,Error,N/A
Diablo IV,Error,N/A
Terra Invicta (Game Preview),Error,N/A
Lightyear Frontier (Game Preview),Error,N/A
Minecraft: Preview,Error,N/A
Control: Ultimate Edition,Error,N/A
Bluey: The Videogame,Error,N/A
Dead Island 2,Error,N/A
PlateUp!,Error,N/A
Resident Evil 3,Error,N/A
Madden NFL 24,Error,N/A
Brotato,Error,N/A
Go Mecha Ball,Error,N/A
Palworld (Game Preview),Error,N/A
F1 23,Error,N/A
Resident Evil 2 (2019),Error,N/A
Super Mega Baseball 4,Error,N/A
We Happy Few,Error,N/A
Assassin's Creed Valhalla,Error,N/A
Far Cry 6,Error,N/A
Against the Storm,Error,N/A
Goat Simulator 3,Error,N/A
Clone Drone in the Danger Zone,Error,N/A
World War Z: Aftermath,Error,N/A
Spirittea,Error,N/A
Wild Hearts,Error,N/A
Football Manager 2024,Error,N/A
Thirsty Suitors,Error,N/A
Wartales,Error,N/A
Dead Space (2023),Error,N/A
Cities: Skylines II,Error,N/A
Forza Motorsport (2023),Error,N/A
Spiritfarer,Error,N/A
Starfield,Error,N/A
Call of the Wild: The Angler,Error,N/A
Firewatch,Error,N/A
Limbo,Error,N/A
Celeste,Error,N/A
Techtonica (Game Preview),Error,N/A
The Cave,Error,N/A
Need for Speed: Unbound,Error,N/A
Stacking,Error,N/A
Car Mechanic Simulator 2021,Error,N/A
Massive Chalice,Error,N/A
Planet of Lana,Error,N/A
Redfall,Error,N/A
The Last Case of Benedict Fox,Error,N/A
Minecraft: Legends,Error,N/A
Ghostwire: Tokyo,Error,N/A
NHL 23,Error,N/A
Iron Brigade,Error,N/A
Ni no Kuni II: Revenant Kingdom - The Prince's Edition,Error,N/A
Mount & Blade II: Bannerlord,Error,N/A
GoldenEye 007 (2023),Error,N/A
Hi-Fi RUSH,Error,N/A
Crysis 2: Remastered,Error,N/A
Crysis 3: Remastered,Error,N/A
Crysis Trilogy: Remastered,Error,N/A
League of Legends,Error,N/A
Legends of Runeterra,Error,N/A
Teamfight Tactics,Error,N/A
Valorant,Error,N/A
LEGO Star Wars: The Skywalker Saga,Error,N/A
The Walking Dead: The Final Season,Error,N/A
"Warhammer 40,000: Darktide",Error,N/A
Battlefield 2042,Error,N/A
Pentiment,Error,N/A
A Plague Tale: Requiem,Error,N/A
Costume Quest,Error,N/A
Chivalry II,Error,N/A
DEATHLOOP,Error,N/A
Assassin's Creed Odyssey,Error,N/A
Ni no Kuni: Wrath of the White Witch - Remastered,Error,N/A
Disney Dreamlight Valley: Founder's Edition,Error,N/A
GRID: Legends,Error,N/A
Immortals Fenyx Rising,Error,N/A
An Elder Scrolls Legend: Battlespire,Error,N/A
The Elder Scrolls Adventures: Redguard,Error,N/A
Return to Castle Wolfenstein,Error,N/A
Quake 4,Error,N/A
Wolfenstein 3D,Error,N/A
Cooking Simulator,Error,N/A
Tom Clancy's Ghost Recon: Wildlands,Error,N/A
Inside,Error,N/A
As Dusk Falls,Error,N/A
Watch_Dogs 2,Error,N/A
PowerWash Simulator,Error,N/A
Far Cry 5,Error,N/A
House Flipper,Error,N/A
Shadowrun Trilogy,Error,N/A
Assassin's Creed Origins,Error,N/A
Sniper Elite 5,Error,N/A
Vampire Survivors,Error,N/A
Jurassic World Evolution 2,Error,N/A
Citizen Sleeper,Error,N/A
Fortnite,Error,N/A
Teenage Mutant Ninja Turtles: Shredder's Revenge,Error,N/A
Lost In Random,Error,N/A
Tunic,Error,N/A
Super Mega Baseball 3,Error,N/A
Roboquest (2020),Error,N/A
Contrast,Error,N/A
Peggle Nights,Error,N/A
Mass Effect: Legendary Edition,Error,N/A
Broken Age,Error,N/A
The Gunk,Error,N/A
Halo: Infinite,Error,N/A
Stardew Valley,Error,N/A
Forza Horizon 5,Error,N/A
It Takes Two,Error,N/A
Unpacking,Error,N/A
Age of Empires IV: Anniversary Edition,Error,N/A
Crysis: Remastered,Error,N/A
Superliminal,Error,N/A
Psychonauts 2,Error,N/A
Quake,Error,N/A
Quake II,Error,N/A
Quake III: Arena,Error,N/A
Syndicate (1993),Error,N/A
Ultima Underworld 1,Error,N/A
Ultima Underworld 2,Error,N/A
Microsoft Solitaire Collection: Premium Edition,Error,N/A
DiRT Rally 2.0,Error,N/A
Skate,Error,N/A
Crimson Skies: High Road to Revenge,Error,N/A
Blinx: The Time Sweeper,Error,N/A
EA Sports UFC 4,Error,N/A
Gang Beasts,Error,N/A
Need for Speed: Hot Pursuit - Remastered,Error,N/A
Medieval Dynasty,Error,N/A
Arx Fatalis,Error,N/A
Dishonored: Death of the Outsider,Error,N/A
Fallout,Error,N/A
Fallout 2,Error,N/A
Fallout Tactics: Brotherhood of Steel,Error,N/A
The Evil Within 2,Error,N/A
For Honor: Marching Fire Edition,Error,N/A
SnowRunner,Error,N/A
Psychonauts,Error,N/A
Zombie Army 4: Dead War,Error,N/A
Genesis Noir,Error,N/A
Command & Conquer: Remastered Collection,Error,N/A
Dungeon Keeper,Error,N/A
Dungeon Keeper 2,Error,N/A
Jade Empire: Special Edition,Error,N/A
Medal of Honor: Allied Assault - War Chest,Error,N/A
Need for Speed: Most Wanted,Error,N/A
Populous,Error,N/A
Populous II: Trials of the Olympian Gods,Error,N/A
Rebel Galaxy,Error,N/A
SimCity 2000: Special Edition,Error,N/A
SimCity 4: Deluxe Party Edition,Error,N/A
SimCity: Complete Edition,Error,N/A
SPORE,Error,N/A
Star Wars Squadrons,Error,N/A
The Saboteur,Error,N/A
The Sims 3,Error,N/A
Dishonored: Definitive Edition,Error,N/A
DOOM 3,Error,N/A
DOOM 64,Error,N/A
Generation Zero,Error,N/A
The Elder Scrolls III: Morrowind,Error,N/A
The Evil Within,Error,N/A
Wolfenstein: The Old Blood,Error,N/A
DiRT 5,Error,N/A
Pillars of Eternity II: Deadfire - Ultimate Edition,Error,N/A
Wreckfest,Error,N/A
Injustice 2,Error,N/A
Among Us,Error,N/A
The Elder Scrolls V: Skyrim Special Edition,Error,N/A
Monster Sanctuary,Error,N/A
Starbound,Error,N/A
NHL 94 Rewind,Error,N/A
Halo 4,Error,N/A
A Way Out,Error,N/A
Alice: Madness Returns,Error,N/A
Army of Two,Error,N/A
Battlefield 1: Revolution,Error,N/A
Battlefield 3: Premium Edition,Error,N/A
Battlefield 4: Premium Edition,Error,N/A
Battlefield V: Year Two Edition,Error,N/A
Battlefield: Hardline - Ultimate Edition,Error,N/A
Bejeweled 2,Error,N/A
Bejeweled 3,Error,N/A
BLACK,Error,N/A
Burnout: Paradise - Remastered,Error,N/A
Crysis,Error,N/A
Crysis 2: Maximum Edition,Error,N/A
Crysis 3,Error,N/A
Dante's Inferno,Error,N/A
Dead Space,Error,N/A
Dead Space 2,Error,N/A
Dead Space 3,Error,N/A
Dead Space: Ignition,Error,N/A
Dragon Age II,Error,N/A
Dragon Age: Inquisition - Game of the Year Edition,Error,N/A
Dragon Age: Origins - Ultimate Edition,Error,N/A
Fe,Error,N/A
Feeding Frenzy,Error,N/A
Feeding Frenzy 2: Shipwreck Showdown,Error,N/A
Fight Night: Champion,Error,N/A
Heavy Weapon,Error,N/A
Mass Effect 2: Digital Deluxe Edition,Error,N/A
Mass Effect 3: N7 Digital Deluxe Edition,Error,N/A
Mass Effect: Andromeda - Deluxe Edition,Error,N/A
Medal of Honor: Airborne,Error,N/A
Mirror's Edge,Error,N/A
Mirror's Edge: Catalyst,Error,N/A
Need for Speed: Deluxe Edition,Error,N/A
Need for Speed: Heat - Deluxe Edition,Error,N/A
Need for Speed: Payback - Deluxe Edition,Error,N/A
Need for Speed: Rivals - Complete Edition,Error,N/A
Peggle,Error,N/A
Peggle 2,Error,N/A
Plants vs. Zombies: Game of the Year Edition,Error,N/A
Plants vs. Zombies: Battle for Neighborville - Deluxe Edition,Error,N/A
Plants vs. Zombies: Garden Warfare,Error,N/A
Plants vs. Zombies: Garden Warfare 2 - Deluxe Edition,Error,N/A
Sea of Solitude,Error,N/A
Skate 3,Error,N/A
SSX,Error,N/A
Star Wars Battlefront: Ultimate Edition,Error,N/A
Star Wars Battlefront II: Celebration Edition,Error,N/A
Star Wars Jedi: Fallen Order,Error,N/A
The Sims 4: Deluxe Party Edition,Error,N/A
Titanfall 2: Ultimate Edition,Error,N/A
Unravel,Error,N/A
Unravel Two,Error,N/A
Zuma,Error,N/A
Zuma's Revenge!,Error,N/A
Deep Rock Galactic,Error,N/A
Day of the Tentacle Remastered,Error,N/A
Full Throttle Remastered,Error,N/A
Grim Fandango Remastered,Error,N/A
Tom Clancy's Rainbow Six: Siege - Deluxe Edition,Error,N/A
Age of Empires III: Definitive Edition,Error,N/A
Brütal Legend,Error,N/A
DOOM Eternal,Error,N/A
Halo 3: ODST,Error,N/A
Crusader Kings III,Error,N/A
Wasteland 3,Error,N/A
Tell Me Why,Error,N/A
Battletoads,Error,N/A
New Super Lucky's Tale,Error,N/A
Microsoft Flight Simulator (2020): Game of the Year Edition,Error,N/A
Trailmakers,Error,N/A
Grounded,Error,N/A
Halo 3,Error,N/A
Neon Abyss,Error,N/A
Fallout 76,Error,N/A
The Bard's Tale ARPG: Remastered and Resnarkled,Error,N/A
BattleTech,Error,N/A
No Man's Sky,Error,N/A
Minecraft: Dungeons,Error,N/A
Golf With Your Friends,Error,N/A
Halo 2: Anniversary,Error,N/A
DayZ,Error,N/A
MechWarrior 5: Mercenaries,Error,N/A
Gears Tactics,Error,N/A
Totally Reliable Delivery Service,Error,N/A
Bleeding Edge,Error,N/A
Ori and the Will of the Wisps,Error,N/A
Halo: Combat Evolved - Anniversary,Error,N/A
Wasteland Remastered,Error,N/A
Wolfenstein: Youngblood,Error,N/A
Frostpunk,Error,N/A
Phoenix Point,Error,N/A
Totally Accurate Battle Simulator,Error,N/A
Pillars of Eternity: Definitive Edition,Error,N/A
Overcooked! 2,Error,N/A
Halo: Reach,Error,N/A
Age of Empires II: Definitive Edition,Error,N/A
RAGE 2,Error,N/A
The Outer Worlds,Error,N/A
Fallout: New Vegas - Ultimate Edition,Error,N/A
Dishonored 2,Error,N/A
Gears 5: Game of the Year Edition,Error,N/A
Dead Cells,Error,N/A
The Bard's Tale IV: Director's Cut,Error,N/A
Age of Empires: Definitive Edition,Error,N/A
Stellaris,Error,N/A
Slay the Spire,Error,N/A
The Bard's Tale Trilogy,Error,N/A
Killer Instinct 2 Classic,Error,N/A
Killer Instinct Classic,Error,N/A
Killer Instinct (2013): Anniversary Edition,Error,N/A
Middle-earth: Shadow of War,Error,N/A
Torment: Tides of Numenera,Error,N/A
Perfect Dark,Error,N/A
Rare Replay,Error,N/A
ASTRONEER,Error,N/A
Batman: Arkham Knight,Error,N/A
Halo: Spartan Strike,Error,N/A
Hollow Knight: Voidheart Edition,Error,N/A
Moonlighter,Error,N/A
Rise of Nations: Extended Edition,Error,N/A
Dead by Daylight: Special Edition,Error,N/A
Descenders,Error,N/A
Wolfenstein II: The New Colossus,Error,N/A
The Walking Dead: A New Frontier,Error,N/A
Prey,Error,N/A
Minecraft,Error,N/A
Fallout 4,Error,N/A
The Walking Dead: Michonne,Error,N/A
Crackdown 3,Error,N/A
The Walking Dead: The Complete First Season,Error,N/A
The Walking Dead: Season Two,Error,N/A
ARK: Ultimate Survivor Edition ,Error,N/A
Ori and the Blind Forest: Definitive Edition,Error,N/A
Hellblade: Senua's Sacrifice,Error,N/A
Wolfenstein: The New Order,Error,N/A
Halo: The Master Chief Collection,Error,N/A
Quantum Break,Error,N/A
DOOM (2016),Error,N/A
RAGE,Error,N/A
Rush: A Disney Pixar Adventure,Error,N/A
Ryse: Son of Rome,Error,N/A
Fallout 3: Game of the Year Edition,Error,N/A
Human: Fall Flat,Error,N/A
The Elder Scrolls IV: Oblivion,Error,N/A
The Elder Scrolls Online,Error,N/A
Disneyland Adventures,Error,N/A
Wasteland 2: Director's Cut,Error,N/A
State of Decay 2: Juggernaut Edition,Error,N/A
Cities: Skylines - Remastered,Error,N/A
theHunter: Call of the Wild,Error,N/A
Sea of Thieves,Error,N/A
Super Lucky's Tale,Error,N/A
Fable Anniversary,Error,N/A
Halo Wars 2,Error,N/A
Zoo Tycoon: Ultimate Animal Collection,Error,N/A
Gears of War 4,Error,N/A
Mass Effect,Error,N/A
Halo Wars: Definitive Edition,Error,N/A
Costume Quest 2,Error,N/A
State of Decay: Year One Survival Edition,Error,N/A
Fable II,Error,N/A
ReCore: Definitive Edition,Error,N/A
Banjo-Kazooie,Error,N/A
Banjo-Kazooie: Nuts & Bolts,Error,N/A
Banjo-Tooie,Error,N/A
Fable III,Error,N/A
Fuzion Frenzy,Error,N/A
Gears of War,Error,N/A
Gears of War 2,Error,N/A
Gears of War 3,Error,N/A
Gears of War: Judgment,Error,N/A
Gears of War: Ultimate Edition,Error,N/A
Halo 5: Guardians,Error,N/A
Halo: Spartan Assault,Error,N/A
Jetpac Refuelled,Error,N/A
Joy Ride Turbo,Error,N/A
Kameo: Elements of Power,Error,N/A
Max: The Curse of Brotherhood,Error,N/A
Payday 2: Crimewave Edition,Error,N/A
Perfect Dark Zero,Error,N/A
ScreamRide,Error,N/A
Sunset Overdrive,Error,N/A
Terraria,Error,N/A
Viva Piñata,Error,N/A
Viva Piñata: Trouble in Paradise,Error,N/A
Carrion,Error,N/A
Hell Let Loose,Error,N/A
PAW Patrol World,Error,N/A
Wildfrost,Error,N/A
Still Wakes the Deep,Error,N/A
Mortal Kombat 11,Error,N/A
Barbie Project Friendship,Error,N/A
Octopath Traveler,Error,N/A
Octopath Traveler II,Error,N/A
Lords of the Fallen,Error,N/A
SteamWorld Build,Error,N/A
Metal Slug: Tactics,Error,N/A
Jusant,Error,N/A
Return to Monkey Island,Error,N/A
NBA LIVE 19,Error,N/A
Teenage Mutant Ninja Turtles: Mutants Unleashed,Error,N/A
Core Keeper,Error,N/A
Cocoon,Error,N/A
NINJA GAIDEN: Master Collection,Error,N/A
All You Need Is Help,Error,N/A
We Love Katamari Reroll + Royal Reverie,Error,N/A
Wargroove 2,Error,N/A
Borderlands 3: Ultimate Edition,Error,N/A
Sea of Stars,Error,N/A
This War of Mine: Final Cut,Error,N/A
Ben 10: Power Trip,Error,N/A
PAW Patrol Mighty Pups: Save Adventure Bay,Error,N/A
Persona 3: Reload,Error,N/A
Farming Simulator 22,Error,N/A
Anthem,Error,N/A
Gigantic: Rampage Edition,Error,N/A
Kunitsu-Gami: Path of the Goddess,Error,N/A
Turnip Boy Robs a Bank,Error,N/A
Mafia: Definitive Edition,Error,N/A
Flock (2024),Error,N/A
Magical Delicacy,Error,N/A
Tchia,Error,N/A
The Case of the Golden Idol,Error,N/A
The Callisto Protocol,Error,N/A
Journey to the Savage Planet,Error,N/A
Robin Hood: Sherwood Builders,Error,N/A
SteamWorld Dig,Error,N/A
SteamWorld Dig 2,Error,N/A
Arcade Paradise,Error,N/A
My Friend Peppa Pig,Error,N/A
Keplerth,Error,N/A
My Time at Sandrock,Error,N/A
Isonzo,Error,N/A
Depersonalization,Error,N/A
"Rolling Hills: Make Sushi, Make Friends",Error,N/A
Dordogne,Error,N/A
Hypnospace Outlaw,Error,N/A
Firework,Error,N/A
Humanity,Error,N/A
Remnant II,Error,N/A
Slayers X: Terminal Aftermath - Vengance of the Slayer,Error,N/A
Cassette Beasts,Error,N/A
Hauntii,Error,N/A
Chants of Sennaar,Error,N/A
Brothers: A Tale of Two Sons,Error,N/A
The Big Con,Error,N/A
Dune: Spice Wars,Error,N/A
Orcs Must Die! 3,Error,N/A
Harold Halibut,Error,N/A
Botany Manor,Error,N/A
Kona,Error,N/A
Homestead Arcana,Error,N/A
Coral Island,Error,N/A
Turbo Golf Racing (Game Preview),Error,N/A
Lil Gator Game,Error,N/A
Hot Wheels Unleashed 2: Turbocharged,Error,N/A
Open Roads,Error,N/A
MLB The Show 24,Error,N/A
The Lamplighters League,Error,N/A
Monster Hunter: Rise,Error,N/A
Yakuza 0,Error,N/A
Yakuza Kiwami,Error,N/A
Yakuza Kiwami 2,Error,N/A
Yakuza: Like a Dragon,Error,N/A
No More Heroes III,Error,N/A
SpongeBob SquarePants: Battle for Bikini Bottom - Rehydrated,Error,N/A
Lies of P,Error,N/A
Solar Ash,Error,N/A
Yakuza 6: The Song of Life,Error,N/A
Yakuza 5: Remastered,Error,N/A
"Warhammer 40,000: Boltgun",Error,N/A
Space Engineers,Error,N/A
Maneater,Error,N/A
GRIS,Error,N/A
Wo Long: Fallen Dynasty,Error,N/A
Yakuza 3: Remastered,Error,N/A
Yakuza 4: Remastered,Error,N/A
F1 22,Error,N/A
Indivisible,Error,N/A
Return to Grace,Error,N/A
Tales of Arise,Error,N/A
A Little to the Left,Error,N/A
Bloodstained: Ritual of the Night,Error,N/A
Merge & Blade,Error,N/A
Madden NFL 23,Error,N/A
EA Sports UFC 3,Error,N/A
Anuchard,Error,N/A
Broforce Forever,Error,N/A
Serious Sam: Siberian Mayhem,Error,N/A
Maquette,Error,N/A
Darkest Dungeon,Error,N/A
Death's Door,Error,N/A
Those Who Remain,Error,N/A
Figment,Error,N/A
Exoprimal,Error,N/A
Common'hood,Error,N/A
Insurgency: Sandstorm,Error,N/A
Escape Academy,Error,N/A
LEGO 2K Drive,Error,N/A
Close to the Sun,Error,N/A
Party Animals,Error,N/A
McPixel 3,Error,N/A
BlazBlue: Cross Tag Battle - Special Edition,Error,N/A
Humankind,Error,N/A
The Quarry,Error,N/A
Tin Hearts,Error,N/A
Amnesia: The Bunker,Error,N/A
Rainbow Billy: The Curse of the Leviathan,Error,N/A
Forager,Error,N/A
Forza Horizon 4,Error,N/A
While the Iron's Hot,Error,N/A
Spirit of the North: Enhanced Edition,Error,N/A
Remnant: From the Ashes,Error,N/A
Rollerdrome,Error,N/A
Hello Neighbor 2,Error,N/A
Soccer Story,Error,N/A
Conan Exiles,Error,N/A
Persona 5: Tactica,Error,N/A
Dungeons 4,Error,N/A
Like a Dragon Gaiden: The Man Who Erased His Name,Error,N/A
Like a Dragon: Ishin!,Error,N/A
Goat Simulator,Error,N/A
Somerville,Error,N/A
Dicey Dungeons,Error,N/A
Headbangers: Rhythm Royale,Error,N/A
Mineko's Night Market,Error,N/A
Inkulinati (Game Preview),Error,N/A
Frog Detective: The Entire Mystery,Error,N/A
Lonely Mountains: Downhill,Error,N/A
F1 Manager 2023,Error,N/A
From Space,Error,N/A
Scorn,Error,N/A
Dyson Sphere Program (Game Preview),Error,N/A
Everspace 2,Error,N/A
Gotham Knights,Error,N/A
Phoenix Wright: Ace Attorney Trilogy,Error,N/A
Loop Hero,Error,N/A
PAW Patrol Grand Prix,Error,N/A
Let's Build A Zoo,Error,N/A
Valheim (Game Preview),Error,N/A
My Time at Portia,Error,N/A
PAYDAY 3,Error,N/A
FIFA 23,Error,N/A
Slime Rancher 2 (Game Preview),Error,N/A
SpiderHeck,Error,N/A
You Suck at Parking,Error,N/A
Ashes of the Singularity: Escalation,Error,N/A
NBA 2K24,Error,N/A
Guilty Gear -Strive-,Error,N/A
Atomic Heart,Error,N/A
DOOM,Error,N/A
DOOM II: Hell on Earth,Error,N/A
The Texas Chainsaw Massacre,Error,N/A
Airborne Kingdom,Error,N/A
Shadow Warrior 3: Definitive Edition,Error,N/A
Offworld Trading Company,Error,N/A
Train Sim World 4,Error,N/A
A Short Hike,Error,N/A
Venba,Error,N/A
Figment 2: Creed Valley,Error,N/A
The Wandering Village,Error,N/A
TOEM,Error,N/A
Coffee Talk Episode 2: Hibiscus & Butterfly,Error,N/A
Sins of a Solar Empire: Rebellion,Error,N/A
Cricket 22,Error,N/A
Sword and Fairy: Together Forever,Error,N/A
Story of Seasons: Friends of Mineral Town,Error,N/A
F.I.S.T.: Forged In Shadow Torch,Error,N/A
Stranded Deep,Error,N/A
FIFA 22,Error,N/A
Bramble: The Mountain King,Error,N/A
The Bookwalker: Thief of Tales,Error,N/A
Rune Factory 4: Special,Error,N/A
Spacelines from the Far Out,Error,N/A
Chicory: A Colorful Tale,Error,N/A
Farworld Pioneers,Error,N/A
Railway Empire 2,Error,N/A
JoJo's Bizarre Adventure: All-Star Battle R,Error,N/A
Pac-Man Museum+,Error,N/A
Little Witch in the Woods (Game Preview),Error,N/A
Eastern Exorcist,Error,N/A
Supraland: Six Inches Under,Error,N/A
Fuga: Melodies of Steel 2,Error,N/A
SD Gundam Battle Alliance,Error,N/A
Ghostlore,Error,N/A
Eiyuden Chronicle: Rising,Error,N/A
Norco,Error,N/A
Just Cause 4: Reloaded,Error,N/A
Ravenlok,Error,N/A
Besiege,Error,N/A
NHL 22,Error,N/A
Loot River,Error,N/A
7 Days to Die (Game Preview),Error,N/A
Pikuniku,Error,N/A
Amnesia: Collection,Error,N/A
Amnesia: Rebirth,Error,N/A
Phantom Abyss (Game Preview),Error,N/A
SOMA,Error,N/A
Research and Destroy,Error,N/A
Back 4 Blood,Error,N/A
INFINITE GUITARS,Error,N/A
MLB The Show 23,Error,N/A
Hot Wheels Unleashed: Game of the Year Edition,Error,N/A
Hardspace: Shipbreaker,Error,N/A
Shredders,Error,N/A
Soul Hackers 2,Error,N/A
Madden NFL 22,Error,N/A
Opus: Echo of Starsong - Full Bloom Edition,Error,N/A
Galactic Civilizations III,Error,N/A
F1 2021,Error,N/A
HITMAN: World of Assassination,Error,N/A
Persona 3: Portable,Error,N/A
MotoGP 22,Error,N/A
Garden Story,Error,N/A
NARAKA: BLADEPOINT,Error,N/A
Potion Craft,Error,N/A
Chained Echoes,Error,N/A
Opus Magnum,Error,N/A
Rubber Bandits,Error,N/A
Eastward,Error,N/A
Disc Room (2020),Error,N/A
ANVIL: Vault Breaker (Game Preview),Error,N/A
GRID (2019),Error,N/A
Battlefield 1943,Error,N/A
Battlefield: Bad Company,Error,N/A
Battlefield: Bad Company 2,Error,N/A
Gungrave G.O.R.E,Error,N/A
Lapin (Game Preview),Error,N/A
Football Manager 2023,Error,N/A
Ghost Song,Error,N/A
Exapunks,Error,N/A
Coffee Talk,Error,N/A
Townscaper,Error,N/A
Rocket Arena,Error,N/A
Gunfire Reborn,Error,N/A
Signalis,Error,N/A
Persona 5: Royal,Error,N/A
Kill It With Fire,Error,N/A
Solasta: Crown of the Magister,Error,N/A
The Legend of Tianding,Error,N/A
Eville,Error,N/A
Shenzhen I/O,Error,N/A
Overwhelm,Error,N/A
Trek to Yomi,Error,N/A
Turnip Boy Commits Tax Evasion,Error,N/A
Despot's Game,Error,N/A
Moonscars,Error,N/A
Beacon Pines,Error,N/A
Last Call BBS,Error,N/A
Weird West: Definitive Edition,Error,N/A
Prodeus,Error,N/A
Outriders,Error,N/A
Sid Meier's Civilization VI,Error,N/A
Danganronpa V3: Killing Harmony,Error,N/A
Fuga: Melodies of Steel,Error,N/A
Metal: Hellsinger,Error,N/A
Amazing Cultivation Simulator,Error,N/A
DC League of Super-Pets: The Adventures of Krypto and Ace,Error,N/A
Train Sim World 3,Error,N/A
Tainted Grail: Conquest,Error,N/A
Aragami 2,Error,N/A
Blue Fire,Error,N/A
Inertial Drift,Error,N/A
Commandos 3: HD Remaster,Error,N/A
Immortality,Error,N/A
Tinykin,Error,N/A
Nuclear Throne,Error,N/A
Surgeon Simulator 2: Access All Areas,Error,N/A
Black Desert,Error,N/A
When the Past was Around,Error,N/A
DEATH STRANDING,Error,N/A
Midnight Fight Express,Error,N/A
Total War: Warhammer III,Error,N/A
Edge of Eternity,Error,N/A
Darkwood,Error,N/A
Expeditions: Rome,Error,N/A
Two Point Campus,Error,N/A
Dreamscaper,Error,N/A
Marvel's Avengers,Error,N/A
The Vale: Shadow of the Crown,Error,N/A
PAW Patrol The Movie: Adventure City Calls,Error,N/A
Spelunky 2,Error,N/A
Exo One,Error,N/A
Adios,Error,N/A
DJMax Respect V,Error,N/A
Matchpoint: Tennis Championships,Error,N/A
OMORI,Error,N/A
Olija,Error,N/A
Empire of Sin,Error,N/A
Hoa,Error,N/A
Mortal Shell: Enhanced Edition,Error,N/A
Total War: Three Kingdoms,Error,N/A
Chorus,Error,N/A
Serious Sam 4,Error,N/A
Bridge Constructor: Portal,Error,N/A
Star Wars Episode I Racer,Error,N/A
Floppy Knights,Error,N/A
Lawn Mowing Simulator,Error,N/A
Evil Genius 2: World Domination,Error,N/A
FIFA 21,Error,N/A
Europa Universalis IV,Error,N/A
Peaky Blinders: Mastermind,Error,N/A
Her Story,Error,N/A
Umurangi Generation - Special Edition,Error,N/A
Danganronpa 2: Goodbye Despair - Anniversary Edition,Error,N/A
Before We Leave,Error,N/A
My Friend Pedro,Error,N/A
Hearts of Iron IV: Cadet Edition,Error,N/A
Out of Space: Couch Edition,Error,N/A
Bugsnax,Error,N/A
Unsouled,Error,N/A
Dragon Quest Builders 2,Error,N/A
Destroy All Humans! (2020),Error,N/A
NHL 21,Error,N/A
Tetris Effect: Connected,Error,N/A
Lamentum,Error,N/A
Life Is Strange: True Colors,Error,N/A
Panzer Corps 2,Error,N/A
The Dungeon of Naheulbeuk: The Amulet of Chaos,Error,N/A
Moonglow Bay,Error,N/A
The Riftbreaker,Error,N/A
The Long Dark,Error,N/A
Trüberbrook,Error,N/A
Sudden Strike 4 - Complete Collection,Error,N/A
Chinatown Detective Agency,Error,N/A
MLB The Show 22,Error,N/A
A Memoir Blue,Error,N/A
Kraken Academy!!,Error,N/A
Power Rangers: Battle for the Grid,Error,N/A
ClusterTruck,Error,N/A
Double Dragon Neon,Error,N/A
Guts N Goals,Error,N/A
Zero Escape: The Nonary Games,Error,N/A
Paradise Killer,Error,N/A
Kentucky Route Zero,Error,N/A
Marvel's Guardians of the Galaxy,Error,N/A
Young Souls,Error,N/A
F1 2020,Error,N/A
Undertale,Error,N/A
For the King,Error,N/A
Lightning Returns: Final Fantasy XIII,Error,N/A
FAR: Changing Tides,Error,N/A
Dragon Ball FighterZ,Error,N/A
Crown Trick,Error,N/A
Madden NFL 21,Error,N/A
Alien: Isolation,Error,N/A
Autonauts,Error,N/A
Infernax,Error,N/A
CrossfireX,Error,N/A
Skul: The Hero Slayer,Error,N/A
The Last Kids on Earth and the Staff of Doom,Error,N/A
Recompile,Error,N/A
Iris Fall,Error,N/A
Telling Lies,Error,N/A
Taiko no Tatsujin: The Drum Master,Error,N/A
Worms W.M.D,Error,N/A
Bladed Fury,Error,N/A
Pupperazzi,Error,N/A
Windjammers 2,Error,N/A
Danganronpa: Trigger Happy Havoc - Anniversary Edition,Error,N/A
Nobody Saves the World,Error,N/A
The Anacrusis (Game Preview),Error,N/A
Colt Canyon,Error,N/A
Embr,Error,N/A
Outer Wilds,Error,N/A
Gorogoa,Error,N/A
The Pedestrian,Error,N/A
Scarlet Nexus,Error,N/A
Immortal Realms: Vampire Wars,Error,N/A
Iron Harvest,Error,N/A
Tropico 6,Error,N/A
Secret Neighbor,Error,N/A
Dead End Job,Error,N/A
Lake,Error,N/A
Race With Ryan,Error,N/A
Record of Lodoss War: Deedlit in Wonder Labyrinth,Error,N/A
Transformers: Battlegrounds,Error,N/A
Aliens: Fireteam Elite,Error,N/A
One Piece: Pirate Warriors 4,Error,N/A
Breathedge,Error,N/A
Neoverse,Error,N/A
Dragon Quest XI S: Echoes of an Elusive Age - Definitive Edition,Error,N/A
Rory McIlroy PGA Tour,Error,N/A
Praetorians - HD Remaster,Error,N/A
Space Warlord Organ Trading Simulator,Error,N/A
Archvale,Error,N/A
Final Fantasy XIII-2,Error,N/A
"Warhammer 40,000: Battlesector",Error,N/A
Mind Scanners,Error,N/A
DEEEER Simulator,Error,N/A
Undungeon,Error,N/A
Bomber Crew Deluxe Edition,Error,N/A
Fae Tactics,Error,N/A
Next Space Rebels,Error,N/A
One Step from Eden,Error,N/A
art of rally,Error,N/A
Supraland,Error,N/A
Subnautica,Error,N/A
Football Manager 2022,Error,N/A
Windbound,Error,N/A
Alan Wake's American Nightmare,Error,N/A
Bassmaster Fishing 2022,Error,N/A
Nongunz: Doppelganger Edition,Error,N/A
The Forgotten City,Error,N/A
Project Wingman,Error,N/A
Backbone,Error,N/A
Second Extinction (Game Preview),Error,N/A
Sniper Elite 4,Error,N/A
Double Kick Heroes,Error,N/A
Echo Generation,Error,N/A
Into the Pit,Error,N/A
The Good Life,Error,N/A
Ring of Pain,Error,N/A
Sable,Error,N/A
Bloodroots,Error,N/A
DiRT 4,Error,N/A
DiRT Rally,Error,N/A
Portal 2,Error,N/A
Gods Will Fall,Error,N/A
The Procession to Calvary,Error,N/A
Visage,Error,N/A
AI: The Somnium Files,Error,N/A
Astria Ascending,Error,N/A
Unsighted,Error,N/A
Dandy Ace,Error,N/A
Lemnis Gate,Error,N/A
Subnautica: Below Zero,Error,N/A
Going Under,Error,N/A
Slime Rancher,Error,N/A
ScourgeBringer,Error,N/A
Thrillville,Error,N/A
Mighty Goose,Error,N/A
Lost Words: Beyond the Page,Error,N/A
I Am Fish,Error,N/A
SkateBird,Error,N/A
Flynn: Son of Crimson,Error,N/A
The Artful Escape,Error,N/A
Craftopia,Error,N/A
Final Fantasy XIII,Error,N/A
Bug Fables: The Everlasting Sapling,Error,N/A
A Plague Tale: Innocence,Error,N/A
Monaco: What's Yours is Mine,Error,N/A
Calico,Error,N/A
NBA 2K22,Error,N/A
Signs of the Sojourner,Error,N/A
Myst (2021),Error,N/A
Twelve Minutes,Error,N/A
Elite Dangerous,Error,N/A
Two Point Hospital,Error,N/A
What Remains of Edith Finch,Error,N/A
Saints Row 2,Error,N/A
Relicta,Error,N/A
Train Sim World 2,Error,N/A
Boyfriend Dungeon,Error,N/A
Library of Ruina,Error,N/A
Curse of the Dead Gods,Error,N/A
Starmancer (Game Preview),Error,N/A
Torchlight,Error,N/A
Beasts of Maravilla Island,Error,N/A
Dodgeball Academia,Error,N/A
Katamari Damacy Reroll,Error,N/A
Lumines: Remastered,Error,N/A
OMNO,Error,N/A
Raji: An Ancient Epic,Error,N/A
Thrillville: Off the Rails,Error,N/A
Project Highrise: Architect's Edition,Error,N/A
Lethal League Blaze,Error,N/A
Atomicrops,Error,N/A
Cris Tales,Error,N/A
Children of Morta,Error,N/A
FIFA 20,Error,N/A
Raskulls,Error,N/A
Aven Colony,Error,N/A
Last Stop,Error,N/A
Jurassic World Evolution,Error,N/A
MotoGP 20,Error,N/A
Super Meat Boy,Error,N/A
The Inner World – The Last Wind Monk,Error,N/A
Worms Rumble,Error,N/A
Dungeons & Dragons: Dark Alliance,Error,N/A
GreedFall,Error,N/A
Capsized,Error,N/A
Cryptark,Error,N/A
Diluvion: Resubmerged,Error,N/A
Dungeons of Dredmor: Complete,Error,N/A
Epistory: Typing Chronicles,Error,N/A
HIVESWAP: Act 1,Error,N/A
Stealth Bastard Deluxe,Error,N/A
Viva Piñata: Party Animals,Error,N/A
Yoku's Island Express,Error,N/A
Farming Simulator 19,Error,N/A
SpellForce 3: Soul Harvest,Error,N/A
Knockout City,Error,N/A
"Yes, Your Grace",Error,N/A
NHL 20,Error,N/A
Resident Evil 7: Biohazard,Error,N/A
Hydro Thunder: Hurricane,Error,N/A
Hue,Error,N/A
The Catch: Carp & Coarse Fishing,Error,N/A
The Wild at Heart,Error,N/A
Final Fantasy X/X-2 HD Remaster,Error,N/A
Steep,Error,N/A
Grand Theft Auto: San Andreas - The Definitive Edition,Error,N/A
MX vs. ATV: Alive,Error,N/A
Another Sight,Error,N/A
Outlast 2,Error,N/A
Cricket 19,Error,N/A
Streets of Rage 4,Error,N/A
F1 2019,Error,N/A
Outpost Kaloki X,Error,N/A
Street Power Football,Error,N/A
MLB The Show 21,Error,N/A
Pathway,Error,N/A
Rain on Your Parade,Error,N/A
"Destiny 2: Forsaken, Shadowkeep, Beyond Light",Error,N/A
Spongebob's Truth or Square,Error,N/A
The Flame in the Flood,Error,N/A
Narita Boy,Error,N/A
Madden NFL 20,Error,N/A
Shadow Warrior 2,Error,N/A
Aragami,Error,N/A
Lost Castle,Error,N/A
The Sexy Brutale,Error,N/A
Sacred 2: Fallen Angel,Error,N/A
Aerial_Knight's Never Yield,Error,N/A
Torchlight III,Error,N/A
PHOGS!,Error,N/A
NieR Automata: Become as Gods Edition,Error,N/A
The Surge 2,Error,N/A
Titanfall: Deluxe Edition,Error,N/A
Band of Bugs,Error,N/A
Broken Sword 5: The Serpent's Curse,Error,N/A
Killer Queen Black,Error,N/A
Touhou Luna Nights,Error,N/A
Kingdom Hearts III,Error,N/A
Stealth Inc 2: A Game of Clones,Error,N/A
Hydrophobia,Error,N/A
Aground,Error,N/A
Final Fantasy XII: The Zodiac Age,Error,N/A
Project Winter,Error,N/A
The Falconeer,Error,N/A
The Medium,Error,N/A
Code Vein,Error,N/A
Control,Error,N/A
Furi,Error,N/A
Space Invaders: Infinity Gene,Error,N/A
NeuroVoider,Error,N/A
Prison Architect,Error,N/A
Cyber Shadow,Error,N/A
Xeno Crisis,Error,N/A
Nowhere Prophet,Error,N/A
LEGRAND LEGACY: Tale of the Fatebounds,Error,N/A
This War of Mine,Error,N/A
Torchlight II,Error,N/A
Trine 2: Complete Story,Error,N/A
Trine: Enchanted Edition,Error,N/A
Radiant Silvergun,Error,N/A
Tropico 5 – Penultimate Edition,Error,N/A
Ghost of a Tale,Error,N/A
Desperados III,Error,N/A
YIIK: A Postmodern RPG,Error,N/A
Mount & Blade: Warband,Error,N/A
Pandemic: The Board Game,Error,N/A
PlayerUnknown's Battlegrounds,Error,N/A
Insanely Twisted Shadow Planet,Error,N/A
The Escapists 2,Error,N/A
eFootball PES 2021,Error,N/A
The Little Acre,Error,N/A
Orcs Must Die!,Error,N/A
Kingdom Two Crowns,Error,N/A
Beholder: Complete Edition,Error,N/A
Wilmot's Warehouse,Error,N/A
Yooka-Laylee and the Impossible Lair,Error,N/A
Unto the End,Error,N/A
The Dark Pictures Anthology: Man Of Medan,Error,N/A
Guacamelee! 2,Error,N/A
SUPERHOT,Error,N/A
Lego Batman 2 DC Super Heroes,Error,N/A
Moving Out,Error,N/A
Football Manager 2021,Error,N/A
Mørkredd,Error,N/A
Call of the Sea,Error,N/A
Haven,Error,N/A
Va-11 Hall-A: Cyberpunk Bartender Action,Error,N/A
FIFA 19,Error,N/A
Hello Neighbor,Error,N/A
SINNER: Sacrifice for Redemption,Error,N/A
Oxenfree,Error,N/A
Rocket Knight,Error,N/A
Hover,Error,N/A
River City Girls,Error,N/A
Star Renegades,Error,N/A
Final Fantasy VIII: Remastered,Error,N/A
Planet Coaster,Error,N/A
Streets of Rogue,Error,N/A
The Gardens Between,Error,N/A
Resident Evil Code: Veronica X,Error,N/A
Aaero,Error,N/A
Comanche,Error,N/A
Eastshade,Error,N/A
Knights and Bikes,Error,N/A
Five Nights at Freddy's,Error,N/A
Five Nights at Freddy's 2,Error,N/A
Five Nights at Freddy's 3,Error,N/A
Five Nights at Freddy's 4,Error,N/A
Unruly Heroes,Error,N/A
Carto,Error,N/A
Home Behind,Error,N/A
Shio,Error,N/A
Shantae: Half-Genie Hero,Error,N/A
Castlevania: Harmony of Despair,Error,N/A
Mulaka,Error,N/A
GoNNER2,Error,N/A
Heave Ho,Error,N/A
Katana Zero,Error,N/A
Tales of Vesperia: Definitive Edition,Error,N/A
The Swords of Ditto: Mormo's Curse,Error,N/A
ScourgeBringer,Error,N/A
Samurai Shodown II,Error,N/A
Warhammer: Chaosbane,Error,N/A
Ikenfell,Error,N/A
Kathy Rain,Error,N/A
Night in the Woods,Error,N/A
Drake Hollow,Error,N/A
Zone of the Enders HD Collection,Error,N/A
Yooka-Laylee,Error,N/A
Forza Motorsport 7,Error,N/A
Company of Heroes 2: Complete Edition,Error,N/A
Disgaea 4 Complete+,Error,N/A
Hotshot Racing,Error,N/A
The Dark Crystal: Age of Resistance Tactics,Error,N/A
Thronebreaker: The Witcher Tales,Error,N/A
Red Dead Online,Error,N/A
Star Wars Battlefront (Classic),Error,N/A
Star Wars Battlefront II (Classic),Error,N/A
Star Wars Republic Commando,Error,N/A
The Escapists 2,Error,N/A
Vambrace: Cold Soul,Error,N/A
Yooka-Laylee,Error,N/A
Garou: Mark of the Wolves,Error,N/A
Darksiders III,Error,N/A
NBA 2K21,Error,N/A
Double Kick Heroes,Error,N/A
Stranger Things 3: The Game,Error,N/A
Blair Witch,Error,N/A
Pyre,Error,N/A
Dear Esther: Landmark Edition,Error,N/A
Mugsters,Error,N/A
Nex Machina,Error,N/A
Overcooked: Gourmet Edition,Error,N/A
Renowned Explorers: International Society,Error,N/A
The Escapists,Error,N/A
Madden NFL 19,Error,N/A
Yoku's Island Express,Error,N/A
Vampyr,Error,N/A
Lost Planet 3,Error,N/A
Rock of Ages 3: Make & Break,Error,N/A
Don't Starve: Giant Edition,Error,N/A
Crossing Souls,Error,N/A
Final Fantasy VII,Error,N/A
Darksiders Genesis,Error,N/A
Train Sim World 2020,Error,N/A
Ape Out,Error,N/A
Midway Arcade Origins,Error,N/A
Planet Alpha,Error,N/A
It Lurks Below,Error,N/A
UnderMine,Error,N/A
The Touryst,Error,N/A
Conker: Live & Reloaded,Error,N/A
Shadows: Awakening,Error,N/A
Endless Space 2: Deluxe Edition,Error,N/A
Downwell,Error,N/A
CrossCode,Error,N/A
EA Sports UFC,Error,N/A
EA Sports UFC 2,Error,N/A
Injustice: Gods Among Us,Error,N/A
The King's Bird,Error,N/A
Out of the Park Baseball 21,Error,N/A
SoulCalibur VI,Error,N/A
MISTOVER,Error,N/A
Battle Chasers: Nightwar,Error,N/A
The Messenger,Error,N/A
Monster Hunter: World,Error,N/A
Marvel vs. Capcom: Infinite,Error,N/A
NeoGeo Battle Coliseum,Error,N/A
Dungeons 3,Error,N/A
Observation,Error,N/A
West of Dead,Error,N/A
Ace Combat 7: Skies Unknown,Error,N/A
Night Call,Error,N/A
Wizard of Legend,Error,N/A
Tropico 4,Error,N/A
Kingdom Hearts HD I.5 + II.5 ReMix,Error,N/A
Kingdom Hearts HD II.8 Final Chapter Prologue,Error,N/A
Broforce,Error,N/A
Void Bastards,Error,N/A
Surviving Mars,Error,N/A
Armello,Error,N/A
Assetto Corsa,Error,N/A
Detention,Error,N/A
Lego Batman,Error,N/A
Truck Racing Championship,Error,N/A
Battlefleet Gothic: Armada II,Error,N/A
Dungeon of the Endless,Error,N/A
Plebby Quest: The Crusades,Error,N/A
Alan Wake,Error,N/A
Final Fantasy IX,Error,N/A
Hotline Miami,Error,N/A
FIFA 15,Error,N/A
FIFA 16,Error,N/A
FIFA 17,Error,N/A
FIFA 18,Error,N/A
NBA LIVE 15,Error,N/A
NBA LIVE 18: The One Edition,Error,N/A
Hard Corps: Uprising,Error,N/A
Vikings: Wolves of Midgard,Error,N/A
Fractured Minds,Error,N/A
Endless Legend,Error,N/A
Levelhead,Error,N/A
Moving Out,Error,N/A
Thumper,Error,N/A
For The King,Error,N/A
Bomber Crew,Error,N/A
Madden NFL 15,Error,N/A
Madden NFL 16,Error,N/A
Madden NFL 17,Error,N/A
Madden NFL 18,Error,N/A
Madden NFL 25,Error,N/A
NHL 18,Error,N/A
NHL 19,Error,N/A
Dark Void,Error,N/A
Vicious Attack Llama Apocalypse,Error,N/A
Deliver Us the Moon,Error,N/A
Gato Roboto,Error,N/A
Wargroove,Error,N/A
Port Royale 3,Error,N/A
Warface: Breakout,Error,N/A
HyperDot,Error,N/A
Machinarium,Error,N/A
Apotheon,Error,N/A
Mutant Year Zero: Road to Eden,Error,N/A
Shift Quantum,Error,N/A
Star Wars Episode I: Racer,Error,N/A
Star Wars Galactic Battlegrounds: Saga,Error,N/A
Star Wars Jedi Knight: Mysteries of the Sith,Error,N/A
Star Wars Rebellion,Error,N/A
Star Wars Rogue Squadron 3D,Error,N/A
Star Wars Shadows of the Empire,Error,N/A
Star Wars Starfighter,Error,N/A
Star Wars X-Wing Alliance,Error,N/A
Star Wars Dark Forces,Error,N/A
Into the Breach,Error,N/A
Snake Pass,Error,N/A
Hue,Error,N/A
Metal Slug 3,Error,N/A
Dandara: Trials of Fear Edition,Error,N/A
Alvastia Chronicles,Error,N/A
Astrologaster,Error,N/A
The Witcher 3: Wild Hunt,Error,N/A
Lost Planet 2,Error,N/A
Gears 5,Error,N/A
Resident Evil,Error,N/A
The Jackbox Party Pack 4,Error,N/A
Mother Russia Bleeds,Error,N/A
Momodora: Reverie Under the Moonlight,Error,N/A
Shadows of the Damned,Error,N/A
Indiana Jones and the Emperor's Tomb,Error,N/A
Dead Rising,Error,N/A
Ninja Gaiden II,Error,N/A
World of Horror (Game Preview),Error,N/A
de Blob,Error,N/A
Breakdown,Error,N/A
Little Nightmares,Error,N/A
Reigns: Game of Thrones,Error,N/A
Death Squared,Error,N/A
Death's Gambit,Error,N/A
Final Fantasy XV,Error,N/A
Fishing Sim World: Pro Tour,Error,N/A
Sea Salt,Error,N/A
Bleed 2,Error,N/A
The King of Fighters XIII,Error,N/A
Tekken 7,Error,N/A
Sword Art Online: Fatal Bullet,Error,N/A
FTL: Faster Than Light,Error,N/A
Stacking,Error,N/A
The Raven Remastered,Error,N/A
Football Manager 2020,Error,N/A
Farming Simulator 17,Error,N/A
Mortal Kombat X,Error,N/A
Saints Row: Gat Out of Hell,Error,N/A
Swimsanity!,Error,N/A
Infinifactory,Error,N/A
Untitled Goose Game,Error,N/A
Pathologic 2,Error,N/A
Ticket to Ride,Error,N/A
Naruto to Boruto: Shinobi Striker,Error,N/A
Age of Wonders: Planetfall,Error,N/A
The Turing Test,Error,N/A
MudRunner,Error,N/A
Metro: Last Light Redux,Error,N/A
eFootball PES 2020,Error,N/A
Demon's Tilt,Error,N/A
Wandersong,Error,N/A
Faeria,Error,N/A
Hatoful Boyfriend,Error,N/A
Absolver,Error,N/A
Dead Island: Definitive Edition,Error,N/A
Lego Indiana Jones,Error,N/A
Aragami: Shadow Edition,Error,N/A
Darksiders III,Error,N/A
Munchkin: Quacked Quest,Error,N/A
Tracks: The Train Set Game,Error,N/A
The Talos Principle,Error,N/A
Full Spectrum Warrior,Error,N/A
Maid of Sker,Error,N/A
Costume Quest,Error,N/A
Slayaway Camp: Butcher's Cut,Error,N/A
The Lord of the Rings: Adventure Card Game,Error,N/A
Lego Star Wars III: The Clone Wars,Error,N/A
Afterparty,Error,N/A
The Red Strings Club,Error,N/A
Tacoma,Error,N/A
Rise & Shine,Error,N/A
NBA LIVE 16,Error,N/A
Sphinx and the Cursed Mummy,Error,N/A
The Book of Unwritten Tales 2,Error,N/A
State of Mind,Error,N/A
Minit,Error,N/A
Felix the Reaper,Error,N/A
Metro 2033 Redux,Error,N/A
Saints Row IV: Re-Elected,Error,N/A
NHL 17,Error,N/A
Armed and Dangerous,Error,N/A
Tom Clancy's The Division,Error,N/A
Panzer Dragoon Orta,Error,N/A
Bad North: Jotunn Edition,Error,N/A
Westerado: Double Barreled,Error,N/A
Rocket League,Error,N/A
de Blob 2,Error,N/A
Override: Mech City Brawl,Error,N/A
NBA 2K20,Error,N/A
Jump Force,Error,N/A
GoNNER: Blueberry Edition,Error,N/A
Red Dead Redemption 2,Error,N/A
Red Faction II,Error,N/A
Portal Knights,Error,N/A
The Jackbox Party Pack 3,Error,N/A
Creature in the Well,Error,N/A
Metal Gear Solid HD Edition: 2 & 3,Error,N/A
Giana Sisters: Twisted Dreams - Director's Cut,Error,N/A
MX Unleashed,Error,N/A
Dunk Lords,Error,N/A
Kingdom Come: Deliverance,Error,N/A
Devil May Cry 5,Error,N/A
Space Hulk: Tactics,Error,N/A
Where The Water Tastes Like Wine,Error,N/A
F1 2018,Error,N/A
JUJU,Error,N/A
WRC 8 FIA World Rally Championship,Error,N/A
Ashes Cricket,Error,N/A
The Banner Saga 3,Error,N/A
RiME,Error,N/A
Saints Row 2,Error,N/A
Coffee Talk,Error,N/A
Metal Gear Solid V: The Phantom Pain,Error,N/A
Blazing Chrome,Error,N/A
Dead Rising 4,Error,N/A
Timespinner,Error,N/A
Unavowed,Error,N/A
Sine Mora,Error,N/A
Shantae and the Pirate's Curse,Error,N/A
Battlefleet Gothic: Armada,Error,N/A
ACA NeoGeo Metal Slug X,Error,N/A
Metro Exodus,Error,N/A
Neon Chrome,Error,N/A
Shadow Tactics: Blades of the Shogun,Error,N/A
Life is Strange 2,Error,N/A
Die for Valhalla!,Error,N/A
The Flame in the Flood,Error,N/A
Destroy All Humans!,Error,N/A
"Warhammer 40,000: Inquisitor - Martyr",Error,N/A
Resident Evil: Revelations,Error,N/A
Book of Demons,Error,N/A
Everspace,Error,N/A
Riverbond,Error,N/A
Samorost 3,Error,N/A
Supermarket Shriek,Error,N/A
The Last Door: Season 2 - Collector's Edition,Error,N/A
The Stillness of the Wind,Error,N/A
Riptide GP: Renegade,Error,N/A
Overlord II,Error,N/A
V-Rally 4,Error,N/A
Old Man's Journey,Error,N/A
Hydro Thunder: Hurricane,Error,N/A
#IDARB,Error,N/A
The King of Fighters '98 Ultimate Match (KOF98UM),Error,N/A
Sensible World of Soccer,Error,N/A
Knights of Pen and Paper Bundle,Error,N/A
The Lego Ninjago Movie Video Game,Error,N/A
Imperator: Rome,Error,N/A
West of Loathing,Error,N/A
Metal Gear Survive,Error,N/A
The Banner Saga,Error,N/A
Mega Man Legacy Collection 2,Error,N/A
Toybox Turbos,Error,N/A
Project CARS 2,Error,N/A
Silence: The Whispered World 2,Error,N/A
Smoke and Sacrifice,Error,N/A
Full Metal Furies,Error,N/A
The Banner Saga 2,Error,N/A
RUINER,Error,N/A
Braid,Error,N/A
Metal Slug 3,Error,N/A
Fable Anniversary,Error,N/A
Shantae: Half-Genie Hero,Error,N/A
The Book of Unwritten Tales 2,Error,N/A
FEZ,Error,N/A
Valkyria Chronicles,Error,N/A
Guacamelee! Super Turbo Championship Edition,Error,N/A
MX vs. ATV: Reflex,Error,N/A
Samurai Shodown II,Error,N/A
Sonic Generations,Error,N/A
Batman: The Enemy Within,Error,N/A
Castlevania: Lords of Shadow 2,Error,N/A
Call of Cthulhu,Error,N/A
LEGO Worlds,Error,N/A
Apocalipsis,Error,N/A
Battle Chef Brigade,Error,N/A
Borderlands 2,Error,N/A
Borderlands: The Pre-Sequel!,Error,N/A
Kingsway,Error,N/A
Lichtspeer: Double Speer Edition,Error,N/A
Orwell: Keeping an Eye on You,Error,N/A
Shenmue,Error,N/A
Shenmue II,Error,N/A
Thimbleweed Park,Error,N/A
Titan-Quest: Anniversary Edition,Error,N/A
The Golf Club 2,Error,N/A
Operencia: The Stolen Sun,Error,N/A
Deus Ex: Mankind Divided,Error,N/A
Star Wars Battlefront,Error,N/A
TT Isle of Man,Error,N/A
Fable Heroes,Error,N/A
Batman: The Telltale Series,Error,N/A
Disney Epic Mickey 2: The Power of Two,Error,N/A
Just Cause 4,Error,N/A
Batman: Arkham City,Error,N/A
The Jackbox Party Pack 2,Error,N/A
Batman: Arkham Asylum,Error,N/A
Pumped BMX Pro,Error,N/A
LEGO Star Wars II: The Original Trilogy,Error,N/A
Styx: Shards of Darkness,Error,N/A
Tekken 6,Error,N/A
Jurassic World Evolution,Error,N/A
Tom Clancy's The Division,Error,N/A
LEGO City Undercover,Error,N/A
Resident Evil 4,Error,N/A
Just Cause 3,Error,N/A
Middle-earth: Shadow of Mordor - Game of the Year Edition,Error,N/A
Saints Row: The Third,Error,N/A
Castlevania: Lords of Shadow - Mirror of Fate HD,Error,N/A
Insane Robots,Error,N/A
Toy Story 3,Error,N/A
The Final Station,Error,N/A
Headlander,Error,N/A
Life is Strange,Error,N/A
Life is Strange: Before the Storm,Error,N/A
Pro Evolution Soccer 2019,Error,N/A
Tecmo Bowl: Throwback,Error,N/A
Joy Ride Turbo,Error,N/A
Sherlock Holmes: The Devil's Daughter,Error,N/A
Robocraft Infinity,Error,N/A
Star Wars: Jedi Starfighter,Error,N/A
Friday the 13th: The Game,Error,N/A
Pony Island,Error,N/A
Tyranny: Gold Edition,Error,N/A
Football Manager 2019,Error,N/A
LEGO Batman 3: Beyond Gotham,Error,N/A
The Surge,Error,N/A
Below,Error,N/A
Strange Brigade,Error,N/A
Agents of Mayhem,Error,N/A
MXGP3,Error,N/A
Thomas Was Alone,Error,N/A
ABZÛ,Error,N/A
Darksiders II: Deathinitive Edition,Error,N/A
Darksiders: Warmastered Edition,Error,N/A
GRID 2,Error,N/A
Ninja Gaiden 3: Razor's Edge,Error,N/A
Tembo the Badass Elephant,Error,N/A
Bolt,Error,N/A
We Were Here,Error,N/A
Resident Evil 5,Error,N/A
Dead Island: Riptide - Definitive Edition,Error,N/A
>observer_,Error,N/A
Tekken Tag Tournament 2,Error,N/A
Hitman: The Complete First Season,Error,N/A
Earth Defense Force 2025,Error,N/A
Forza Motorsport 6,Error,N/A
LEGO Batman 2: DC Super Heroes,Error,N/A
LEGO Indiana Jones: The Original Adventures,Error,N/A
Split/Second,Error,N/A
Onrush,Error,N/A
Ninja Gaiden Black,Error,N/A
Super Street Fighter IV: Arcade Edition,Error,N/A
'Splosion Man,Error,N/A
The Maw,Error,N/A
Castlevania: Lords of Shadow,Error,N/A
Gears of War 4,Error,N/A
Torchlight,Error,N/A
Big Crown: Showdown,Error,N/A
InnerSpace,Error,N/A
Manual Samuel,Error,N/A
Sky Force: Reloaded,Error,N/A
Graveyard Keeper,Error,N/A
Alien Hominid HD,Error,N/A
BattleBlock Theater,Error,N/A
Garou: Mark of the Wolves,Error,N/A
A Kingdom for Keflings,Error,N/A
A World of Keflings,Error,N/A
CastleStorm,Error,N/A
Joe Danger 2: The Movie,Error,N/A
Joe Danger: Special Edition,Error,N/A
Monday Night Combat,Error,N/A
N+,Error,N/A
Spelunky,Error,N/A
Toy Soldiers,Error,N/A
Toy Soldiers: Cold War,Error,N/A
Meet the Robinsons,Error,N/A
INSIDE,Error,N/A
Castlevania: Symphony of the Night,Error,N/A
Rivals of Aether,Error,N/A
Aftercharge,Error,N/A
The LEGO Movie Videogame,Error,N/A
Dandara,Error,N/A
Dead Rising 2,Error,N/A
HITMAN,Error,N/A
Metal Slug XX,Error,N/A
Defense Grid: The Awakening,Error,N/A
Hexic 2,Error,N/A
Earth Defense Force 2017,Error,N/A
NHL 19,Error,N/A
Portal: Still Alive,Error,N/A
The Golf Club 2019 featuring PGA Tour,Error,N/A
Ultimate Marvel vs. Capcom 3,Error,N/A
Shadow Complex: Remastered,Error,N/A
Zombie Army Trilogy,Error,N/A
Next Up Hero,Error,N/A
Devil May Cry 4: Special Edition,Error,N/A
Comic Jumper,Error,N/A
Marooners,Error,N/A
Earth Defense Force: Insect Armageddon,Error,N/A
Outcast: Second Contact,Error,N/A
LEGO Star Wars: The Complete Saga,Error,N/A
STAR WARS: Knights of the Old Republic,Error,N/A
MotoGP 17,Error,N/A
Star Wars: The Force Unleashed,Error,N/A
Star Wars: The Force Unleashed II,Error,N/A
Laser League,Error,N/A
Comic Jumper,Error,N/A
D4: Dark Dreams Don't Die,Error,N/A
DmC: Devil May Cry - Definitive Edition,Error,N/A
JumpJet Rex,Error,N/A
Knight Squad,Error,N/A
Layers of Fear,Error,N/A
Mega Man Legacy Collection,Error,N/A
Ms. Splosion Man,Error,N/A
Shantae and the Pirate's Curse,Error,N/A
Super Mega Baseball: Extra Innings,Error,N/A
Super Time Force,Error,N/A
Tom Clancy's Ghost Recon Advanced Warfighter 2,Error,N/A
The Technomancer,Error,N/A
Star Wars: Battlefront II,Error,N/A
Plants vs. Zombies: Garden Warfare 2,Error,N/A
OlliOlli2: XL Edition,Error,N/A
Sheltered,Error,N/A
Outlast,Error,N/A
Homefront: The Revolution,Error,N/A
Sonic & Knuckles,Error,N/A
Unmechanical: Extended Edition,Error,N/A
OlliOlli,Error,N/A
Pumped BMX +,Error,N/A
The Golf Club,Error,N/A
The Swapper,Error,N/A
Metal Gear Rising: Revengeance,Error,N/A
Adventure Time: Pirates of the Enchiridion,Error,N/A
Star Wars Republic Commando,Error,N/A
Super Bomberman R,Error,N/A
Kingdom: New Lands,Error,N/A
Late Shift,Error,N/A
Portal Knights,Error,N/A
Sacred Citadel,Error,N/A
Star Wars Jedi Knight: Jedi Academy,Error,N/A
Bloodstained: Curse of the Moon,Error,N/A
F1 2015,Error,N/A
Assassin's Creed Rogue,Error,N/A
WRC 6,Error,N/A
Aven Colony,Error,N/A
Shadow Warrior,Error,N/A
Dovetail Games: Euro Fishing,Error,N/A
Resident Evil: Revelations 2,Error,N/A
Sonic CD,Error,N/A
The Final Station,Error,N/A
Kyub,Error,N/A
Mega Coin Squad,Error,N/A
Far Cry 2,Error,N/A
Celeste,Error,N/A
Lara Croft and the Guardian of Light,Error,N/A
Never Alone (Kishima Ingitchuna),Error,N/A
The Escapists: The Walking Dead,Error,N/A
Letter Quest: Grimm's Journey - Remastered,Error,N/A
Dead Rising 3,Error,N/A
Electronic Super Joy,Error,N/A
Roundabout,Error,N/A
Steredenn,Error,N/A
Mercenaries: Playground of Destruction,Error,N/A
Q.U.B.E. 2,Error,N/A
Dragon Age II,Error,N/A
